episode,reward,actions
1,-524,"Counter({0: 70, 1: 36, 2: 34, 3: 22, 6: 15, 5: 14, 4: 9})"
2,-814,"Counter({1: 55, 0: 48, 2: 37, 3: 21, 5: 20, 4: 11, 6: 8})"
3,-2067,"Counter({1: 39, 5: 36, 4: 31, 0: 31, 2: 28, 6: 23, 3: 12})"
4,-2425,"Counter({5: 41, 4: 33, 1: 31, 6: 27, 3: 25, 0: 23, 2: 20})"
5,-2379,"Counter({5: 43, 6: 33, 0: 29, 4: 26, 3: 25, 1: 23, 2: 21})"
6,-2255,"Counter({5: 45, 0: 41, 4: 33, 6: 27, 1: 21, 3: 17, 2: 16})"
7,-2567,"Counter({5: 48, 6: 37, 0: 31, 4: 28, 1: 21, 3: 18, 2: 17})"
8,-2594,"Counter({5: 55, 6: 42, 0: 32, 1: 22, 4: 18, 2: 18, 3: 13})"
9,-2553,"Counter({6: 60, 0: 35, 5: 28, 4: 25, 1: 22, 2: 16, 3: 14})"
10,-2334,"Counter({6: 57, 0: 34, 2: 24, 4: 23, 3: 21, 5: 21, 1: 20})"
11,-2504,"Counter({6: 62, 0: 34, 4: 26, 1: 24, 3: 21, 5: 21, 2: 12})"
12,-2346,"Counter({6: 64, 0: 42, 1: 25, 5: 22, 4: 21, 2: 14, 3: 12})"
13,-2439,"Counter({6: 65, 0: 37, 5: 24, 1: 21, 2: 19, 4: 19, 3: 15})"
14,-2385,"Counter({6: 71, 0: 45, 5: 24, 1: 20, 4: 15, 3: 14, 2: 11})"
15,-2445,"Counter({6: 70, 0: 45, 4: 22, 5: 21, 1: 17, 3: 15, 2: 10})"
16,-2341,"Counter({6: 70, 0: 49, 5: 26, 3: 19, 1: 15, 4: 14, 2: 7})"
17,-2388,"Counter({6: 77, 0: 52, 5: 25, 1: 15, 4: 13, 2: 13, 3: 5})"
18,-2295,"Counter({6: 75, 0: 47, 2: 21, 5: 18, 1: 17, 4: 14, 3: 8})"
19,-2245,"Counter({6: 62, 0: 43, 1: 24, 5: 24, 3: 20, 4: 16, 2: 11})"
20,-2202,"Counter({6: 69, 0: 46, 2: 22, 5: 20, 1: 19, 4: 13, 3: 11})"
21,-2202,"Counter({6: 75, 0: 56, 5: 17, 4: 16, 2: 13, 1: 13, 3: 10})"
22,-2177,"Counter({6: 69, 0: 49, 5: 20, 3: 18, 1: 17, 2: 14, 4: 13})"
23,-2402,"Counter({6: 72, 0: 44, 4: 19, 5: 19, 1: 17, 3: 15, 2: 14})"
24,-2232,"Counter({6: 70, 0: 52, 4: 21, 2: 17, 5: 16, 3: 14, 1: 10})"
25,-2308,"Counter({6: 76, 0: 56, 4: 22, 5: 16, 1: 16, 2: 12, 3: 2})"
26,-2180,"Counter({6: 78, 0: 54, 1: 17, 4: 14, 5: 13, 3: 13, 2: 11})"
27,-2304,"Counter({6: 85, 0: 58, 5: 20, 3: 14, 2: 9, 4: 8, 1: 6})"
28,-2238,"Counter({6: 76, 0: 54, 4: 19, 1: 16, 3: 14, 5: 13, 2: 8})"
29,-2266,"Counter({6: 80, 0: 54, 5: 16, 1: 14, 3: 14, 4: 13, 2: 9})"
30,-2437,"Counter({6: 86, 0: 53, 5: 18, 4: 13, 2: 12, 1: 11, 3: 7})"
31,-2101,"Counter({6: 74, 0: 59, 5: 18, 2: 16, 4: 13, 3: 10, 1: 10})"
32,-2184,"Counter({6: 72, 0: 52, 5: 22, 3: 18, 1: 14, 2: 12, 4: 10})"
33,-2242,"Counter({6: 87, 0: 62, 5: 16, 2: 11, 4: 10, 1: 7, 3: 7})"
34,-2154,"Counter({6: 87, 0: 64, 5: 19, 1: 10, 2: 10, 3: 6, 4: 4})"
35,-2189,"Counter({6: 78, 0: 57, 5: 16, 1: 14, 4: 14, 2: 14, 3: 7})"
36,-2150,"Counter({6: 94, 0: 66, 5: 12, 3: 10, 1: 8, 2: 6, 4: 4})"
37,-2179,"Counter({6: 86, 0: 65, 5: 14, 4: 12, 2: 10, 1: 7, 3: 6})"
38,-2151,"Counter({6: 82, 0: 65, 5: 15, 4: 14, 1: 12, 3: 6, 2: 6})"
39,-2188,"Counter({6: 77, 0: 56, 5: 17, 2: 16, 4: 13, 3: 11, 1: 10})"
40,-2152,"Counter({6: 86, 0: 64, 5: 15, 1: 11, 4: 9, 2: 9, 3: 6})"
41,-2177,"Counter({6: 82, 0: 59, 5: 16, 2: 15, 4: 10, 3: 10, 1: 8})"
42,-2253,"Counter({6: 85, 0: 61, 5: 15, 4: 13, 2: 10, 3: 8, 1: 8})"
43,-2300,"Counter({6: 82, 0: 56, 4: 17, 5: 13, 3: 12, 1: 12, 2: 8})"
44,-2064,"Counter({6: 85, 0: 66, 1: 14, 5: 12, 4: 10, 2: 7, 3: 6})"
45,-2305,"Counter({6: 91, 0: 61, 5: 14, 4: 10, 1: 9, 3: 8, 2: 7})"
46,-1967,"Counter({6: 77, 0: 63, 3: 16, 5: 14, 1: 11, 2: 10, 4: 9})"
47,-2280,"Counter({6: 90, 0: 64, 5: 16, 4: 10, 1: 7, 2: 7, 3: 6})"
48,-2261,"Counter({6: 83, 0: 57, 1: 17, 5: 17, 4: 11, 3: 8, 2: 7})"
49,-2015,"Counter({6: 79, 0: 65, 5: 14, 1: 12, 3: 11, 4: 11, 2: 8})"
50,-2186,"Counter({6: 92, 0: 62, 2: 12, 1: 12, 5: 9, 4: 9, 3: 4})"
51,-1969,"Counter({6: 74, 0: 61, 3: 17, 1: 14, 5: 13, 4: 12, 2: 9})"
52,-2161,"Counter({6: 86, 0: 63, 4: 14, 2: 12, 1: 11, 5: 10, 3: 4})"
53,-2106,"Counter({6: 87, 0: 64, 5: 14, 3: 12, 2: 11, 4: 6, 1: 6})"
54,-2060,"Counter({6: 82, 0: 62, 1: 13, 5: 11, 3: 11, 4: 11, 2: 10})"
55,-2064,"Counter({6: 90, 0: 66, 3: 11, 4: 10, 1: 10, 2: 7, 5: 6})"
56,-1973,"Counter({6: 80, 0: 65, 3: 19, 5: 12, 1: 9, 4: 9, 2: 6})"
57,-1977,"Counter({6: 84, 0: 67, 5: 15, 2: 12, 3: 10, 1: 8, 4: 4})"
58,-1998,"Counter({6: 87, 0: 66, 3: 11, 2: 11, 5: 10, 1: 9, 4: 6})"
59,-2072,"Counter({6: 82, 0: 64, 4: 12, 5: 12, 2: 10, 3: 10, 1: 10})"
60,-2187,"Counter({6: 90, 0: 65, 4: 11, 5: 11, 1: 9, 2: 8, 3: 6})"
61,-2133,"Counter({6: 85, 0: 61, 5: 14, 2: 14, 1: 10, 4: 8, 3: 8})"
62,-2341,"Counter({6: 85, 0: 57, 5: 18, 1: 13, 4: 12, 2: 9, 3: 6})"
63,-2122,"Counter({6: 79, 0: 66, 5: 21, 3: 11, 4: 10, 2: 7, 1: 6})"
64,-1923,"Counter({6: 87, 0: 71, 1: 13, 4: 10, 2: 7, 3: 6, 5: 6})"
65,-2295,"Counter({6: 91, 0: 59, 5: 14, 1: 11, 3: 10, 4: 8, 2: 7})"
66,-2106,"Counter({6: 89, 0: 66, 3: 13, 4: 11, 5: 8, 2: 7, 1: 6})"
67,-2195,"Counter({6: 89, 0: 69, 4: 14, 5: 12, 3: 7, 1: 6, 2: 3})"
68,-2078,"Counter({6: 91, 0: 68, 5: 11, 3: 10, 1: 8, 4: 6, 2: 6})"
69,-2177,"Counter({6: 85, 0: 61, 5: 16, 1: 11, 3: 10, 2: 9, 4: 8})"
70,-2227,"Counter({6: 92, 0: 67, 4: 12, 5: 11, 2: 7, 3: 7, 1: 4})"
71,-2094,"Counter({6: 82, 0: 62, 5: 15, 2: 15, 1: 9, 4: 9, 3: 8})"
72,-2161,"Counter({6: 97, 0: 67, 1: 9, 3: 9, 4: 8, 5: 6, 2: 4})"
73,-2210,"Counter({6: 89, 0: 66, 4: 13, 5: 12, 2: 9, 1: 6, 3: 5})"
74,-1947,"Counter({6: 85, 0: 65, 1: 13, 3: 11, 2: 11, 5: 8, 4: 7})"
75,-2034,"Counter({6: 82, 0: 68, 5: 14, 4: 11, 1: 10, 2: 8, 3: 7})"
76,-2060,"Counter({6: 96, 0: 70, 3: 9, 5: 8, 1: 7, 2: 6, 4: 4})"
77,-2161,"Counter({6: 95, 0: 69, 5: 11, 1: 9, 4: 7, 2: 5, 3: 4})"
78,-2088,"Counter({6: 93, 0: 70, 4: 12, 2: 11, 3: 6, 5: 5, 1: 3})"
79,-2096,"Counter({6: 95, 0: 70, 5: 10, 3: 8, 2: 7, 4: 5, 1: 5})"
80,-1885,"Counter({6: 89, 0: 73, 2: 9, 3: 8, 1: 8, 4: 7, 5: 6})"
81,-1955,"Counter({6: 87, 0: 69, 1: 10, 3: 9, 2: 9, 5: 9, 4: 7})"
82,-2099,"Counter({6: 89, 0: 63, 1: 12, 5: 11, 3: 10, 2: 9, 4: 6})"
83,-2242,"Counter({6: 86, 0: 62, 5: 14, 4: 13, 1: 10, 3: 8, 2: 7})"
84,-2192,"Counter({6: 88, 0: 66, 5: 13, 4: 12, 1: 8, 3: 7, 2: 6})"
85,-2083,"Counter({6: 87, 0: 67, 4: 11, 5: 10, 3: 10, 1: 8, 2: 7})"
86,-2179,"Counter({6: 89, 0: 67, 4: 13, 5: 11, 1: 8, 3: 6, 2: 6})"
87,-2034,"Counter({6: 94, 0: 74, 4: 11, 2: 6, 1: 6, 5: 5, 3: 4})"
88,-1902,"Counter({6: 88, 0: 70, 1: 14, 3: 8, 4: 8, 2: 7, 5: 5})"
89,-1957,"Counter({6: 89, 0: 71, 3: 11, 4: 10, 1: 7, 2: 7, 5: 5})"
90,-1912,"Counter({6: 90, 0: 78, 1: 11, 5: 9, 4: 8, 3: 3, 2: 1})"
91,-1962,"Counter({6: 86, 0: 70, 3: 10, 4: 9, 5: 9, 2: 8, 1: 8})"
92,-2046,"Counter({6: 96, 0: 72, 5: 11, 1: 9, 2: 5, 3: 5, 4: 2})"
93,-2142,"Counter({6: 94, 0: 68, 5: 10, 3: 9, 4: 7, 1: 7, 2: 5})"
94,-2000,"Counter({6: 88, 0: 72, 3: 10, 4: 10, 5: 9, 1: 7, 2: 4})"
95,-1952,"Counter({6: 87, 0: 72, 1: 11, 4: 11, 3: 7, 5: 7, 2: 5})"
96,-2101,"Counter({6: 91, 0: 73, 5: 16, 4: 6, 1: 5, 2: 5, 3: 4})"
97,-1995,"Counter({6: 93, 0: 73, 3: 9, 4: 8, 2: 6, 5: 6, 1: 5})"
98,-1939,"Counter({6: 86, 0: 69, 3: 12, 2: 9, 5: 8, 4: 8, 1: 8})"
99,-2245,"Counter({6: 94, 0: 63, 4: 11, 2: 9, 5: 8, 3: 8, 1: 7})"
100,-1995,"Counter({6: 87, 0: 69, 5: 11, 1: 9, 3: 9, 2: 8, 4: 7})"
101,-2021,"Counter({6: 89, 0: 71, 4: 11, 1: 9, 2: 9, 5: 8, 3: 3})"
102,-2019,"Counter({6: 94, 0: 71, 5: 9, 2: 8, 1: 7, 3: 7, 4: 4})"
103,-2262,"Counter({6: 95, 0: 66, 5: 11, 4: 10, 1: 7, 2: 6, 3: 5})"
104,-1861,"Counter({6: 85, 0: 71, 2: 13, 1: 9, 4: 8, 3: 7, 5: 7})"
105,-1956,"Counter({6: 88, 0: 70, 2: 14, 5: 10, 1: 7, 4: 6, 3: 5})"
106,-2053,"Counter({6: 90, 0: 65, 1: 14, 5: 11, 3: 9, 2: 7, 4: 4})"
107,-2122,"Counter({6: 99, 0: 68, 1: 10, 2: 8, 5: 7, 3: 4, 4: 4})"
108,-1928,"Counter({6: 95, 0: 78, 5: 8, 3: 6, 1: 5, 2: 4, 4: 4})"
109,-2102,"Counter({6: 96, 0: 68, 2: 9, 3: 7, 1: 7, 5: 7, 4: 6})"
110,-1950,"Counter({6: 90, 0: 74, 4: 11, 1: 8, 3: 6, 2: 6, 5: 5})"
111,-1995,"Counter({6: 93, 0: 73, 3: 9, 5: 8, 2: 6, 4: 6, 1: 5})"
112,-2071,"Counter({6: 93, 0: 73, 4: 10, 5: 8, 3: 7, 1: 5, 2: 4})"
113,-1907,"Counter({6: 99, 0: 79, 3: 8, 4: 6, 1: 5, 2: 2, 5: 1})"
114,-1993,"Counter({6: 95, 0: 73, 2: 11, 5: 7, 3: 6, 4: 5, 1: 3})"
115,-2050,"Counter({6: 97, 0: 72, 5: 10, 2: 7, 1: 6, 3: 6, 4: 2})"
116,-1923,"Counter({6: 96, 0: 71, 2: 11, 1: 9, 3: 7, 4: 5, 5: 1})"
117,-2094,"Counter({6: 89, 0: 68, 5: 12, 3: 10, 4: 8, 2: 8, 1: 5})"
118,-1898,"Counter({6: 94, 0: 76, 3: 9, 1: 7, 4: 6, 2: 4, 5: 4})"
119,-2008,"Counter({6: 93, 0: 72, 3: 9, 5: 8, 4: 6, 1: 6, 2: 6})"
120,-2002,"Counter({6: 98, 0: 74, 2: 10, 4: 6, 3: 4, 5: 4, 1: 4})"
121,-2186,"Counter({6: 98, 0: 70, 3: 10, 4: 9, 5: 7, 1: 3, 2: 3})"
122,-1983,"Counter({6: 92, 0: 75, 4: 9, 3: 7, 5: 7, 1: 5, 2: 5})"
123,-2022,"Counter({6: 93, 0: 72, 2: 9, 4: 9, 3: 6, 5: 6, 1: 5})"
124,-2077,"Counter({6: 90, 0: 69, 5: 11, 1: 9, 4: 8, 3: 7, 2: 6})"
125,-1906,"Counter({6: 96, 0: 78, 2: 7, 4: 7, 1: 5, 3: 4, 5: 3})"
126,-2066,"Counter({6: 97, 0: 78, 4: 9, 5: 8, 3: 3, 2: 3, 1: 2})"
127,-2016,"Counter({6: 99, 0: 74, 3: 10, 5: 6, 1: 6, 4: 3, 2: 2})"
128,-1879,"Counter({6: 94, 0: 77, 1: 7, 2: 6, 3: 6, 5: 6, 4: 4})"
129,-2012,"Counter({6: 99, 0: 72, 1: 10, 2: 6, 5: 6, 3: 5, 4: 2})"
130,-2138,"Counter({6: 99, 0: 76, 5: 10, 4: 7, 3: 4, 2: 3, 1: 1})"
131,-1919,"Counter({6: 99, 0: 79, 2: 6, 5: 4, 4: 4, 1: 4, 3: 4})"
132,-1891,"Counter({6: 87, 0: 75, 4: 11, 2: 8, 1: 7, 3: 6, 5: 6})"
133,-1871,"Counter({6: 94, 0: 79, 2: 8, 4: 6, 3: 5, 5: 5, 1: 3})"
134,-1942,"Counter({6: 93, 0: 76, 1: 9, 5: 8, 4: 6, 2: 6, 3: 2})"
135,-2052,"Counter({6: 93, 0: 70, 2: 12, 3: 8, 5: 8, 4: 7, 1: 2})"
136,-2000,"Counter({6: 100, 0: 78, 3: 7, 4: 6, 5: 4, 2: 3, 1: 2})"
137,-1890,"Counter({6: 96, 0: 78, 5: 7, 3: 6, 1: 6, 2: 5, 4: 2})"
138,-2040,"Counter({6: 97, 0: 74, 4: 8, 1: 6, 2: 6, 5: 5, 3: 4})"
139,-1726,"Counter({6: 94, 0: 84, 4: 6, 2: 5, 1: 5, 3: 5, 5: 1})"
140,-2036,"Counter({6: 97, 0: 76, 4: 7, 5: 7, 3: 5, 1: 4, 2: 4})"
141,-1935,"Counter({6: 96, 0: 79, 5: 7, 4: 5, 3: 5, 1: 4, 2: 4})"
142,-1908,"Counter({6: 96, 0: 78, 1: 6, 5: 5, 3: 5, 2: 5, 4: 5})"
143,-1853,"Counter({6: 95, 0: 79, 1: 7, 5: 7, 2: 5, 3: 5, 4: 2})"
144,-1911,"Counter({6: 97, 0: 77, 3: 9, 5: 7, 1: 5, 2: 4, 4: 1})"
145,-2216,"Counter({6: 98, 0: 70, 5: 10, 1: 9, 4: 8, 3: 5})"
146,-2021,"Counter({6: 97, 0: 73, 3: 8, 4: 7, 2: 7, 5: 4, 1: 4})"
147,-2076,"Counter({6: 96, 0: 74, 4: 10, 2: 7, 5: 6, 1: 4, 3: 3})"
148,-1904,"Counter({6: 97, 0: 80, 5: 6, 1: 5, 3: 5, 4: 4, 2: 3})"
149,-2033,"Counter({6: 98, 0: 73, 1: 8, 2: 7, 5: 6, 4: 5, 3: 3})"
150,-1957,"Counter({6: 95, 0: 77, 1: 8, 4: 7, 5: 6, 3: 4, 2: 3})"
151,-2255,"Counter({6: 106, 0: 71, 5: 10, 2: 6, 3: 3, 1: 2, 4: 2})"
152,-1932,"Counter({6: 104, 0: 80, 2: 5, 1: 5, 5: 3, 3: 2, 4: 1})"
153,-1818,"Counter({6: 96, 0: 82, 3: 6, 4: 6, 1: 4, 2: 4, 5: 2})"
154,-2070,"Counter({6: 105, 0: 76, 1: 5, 3: 4, 4: 4, 5: 3, 2: 3})"
155,-2139,"Counter({6: 103, 0: 75, 4: 8, 5: 4, 3: 4, 2: 3, 1: 3})"
156,-1962,"Counter({6: 100, 0: 76, 2: 7, 1: 5, 3: 5, 4: 4, 5: 3})"
157,-1783,"Counter({6: 94, 0: 81, 4: 7, 2: 7, 1: 6, 3: 4, 5: 1})"
158,-1985,"Counter({6: 93, 0: 75, 4: 9, 3: 7, 5: 6, 1: 5, 2: 5})"
159,-1783,"Counter({6: 95, 0: 81, 1: 9, 2: 5, 5: 5, 3: 3, 4: 2})"
160,-1836,"Counter({6: 96, 0: 78, 3: 9, 1: 7, 4: 5, 2: 4, 5: 1})"
161,-2074,"Counter({6: 101, 0: 74, 3: 7, 1: 6, 5: 5, 4: 5, 2: 2})"
162,-1924,"Counter({6: 99, 0: 80, 2: 6, 4: 5, 5: 4, 1: 3, 3: 3})"
163,-1825,"Counter({6: 92, 0: 81, 5: 8, 3: 7, 2: 6, 4: 4, 1: 2})"
164,-1945,"Counter({6: 98, 0: 81, 5: 8, 2: 5, 4: 4, 1: 3, 3: 1})"
165,-1867,"Counter({6: 99, 0: 83, 3: 4, 5: 4, 1: 4, 4: 4, 2: 2})"
166,-1883,"Counter({6: 97, 0: 79, 3: 8, 1: 4, 4: 4, 5: 4, 2: 4})"
167,-2129,"Counter({6: 103, 0: 77, 4: 9, 5: 4, 2: 4, 3: 2, 1: 1})"
168,-1741,"Counter({6: 100, 0: 85, 2: 6, 1: 4, 3: 3, 4: 2})"
169,-2056,"Counter({6: 98, 0: 74, 3: 11, 4: 8, 5: 4, 2: 4, 1: 1})"
170,-2029,"Counter({6: 99, 0: 77, 5: 8, 3: 6, 1: 4, 4: 4, 2: 2})"
171,-1887,"Counter({6: 97, 0: 77, 2: 9, 3: 7, 4: 4, 5: 3, 1: 3})"
172,-1952,"Counter({6: 102, 0: 80, 1: 5, 5: 5, 3: 4, 2: 2, 4: 2})"
173,-1942,"Counter({6: 98, 0: 74, 2: 11, 1: 6, 3: 4, 5: 4, 4: 3})"
174,-423,"Counter({0: 66, 6: 42, 3: 2, 2: 1})"
175,280,Counter({0: 30})
176,227,"Counter({0: 30, 6: 2, 1: 1})"
177,280,Counter({0: 30})
178,277,"Counter({0: 30, 2: 1})"
179,255,"Counter({0: 30, 6: 1})"
180,280,Counter({0: 30})
181,280,Counter({0: 30})
182,280,Counter({0: 30})
183,255,"Counter({0: 30, 6: 1})"
184,280,Counter({0: 30})
185,280,Counter({0: 30})
186,219,"Counter({0: 30, 1: 2, 6: 2, 3: 1})"
187,280,Counter({0: 30})
188,255,"Counter({0: 30, 6: 1})"
189,280,Counter({0: 30})
190,280,Counter({0: 30})
191,277,"Counter({0: 30, 1: 1})"
192,280,Counter({0: 30})
193,280,Counter({0: 30})
194,280,Counter({0: 30})
195,280,Counter({0: 30})
196,255,"Counter({0: 30, 6: 1})"
197,257,"Counter({0: 30, 5: 1})"
198,280,Counter({0: 30})
199,280,Counter({0: 30})
200,257,"Counter({0: 30, 4: 1})"
201,156,"Counter({0: 30, 4: 2, 6: 2, 5: 1, 3: 1})"
202,275,"Counter({0: 30, 3: 1})"
203,280,Counter({0: 30})
204,280,Counter({0: 30})
205,280,Counter({0: 30})
206,280,Counter({0: 30})
207,280,Counter({0: 30})
208,280,Counter({0: 30})
209,280,Counter({0: 30})
210,280,Counter({0: 30})
211,280,Counter({0: 30})
212,280,Counter({0: 30})
213,280,Counter({0: 30})
214,280,Counter({0: 30})
215,280,Counter({0: 30})
216,280,Counter({0: 30})
217,280,Counter({0: 30})
218,280,Counter({0: 30})
219,280,Counter({0: 30})
220,230,"Counter({0: 30, 6: 2})"
221,280,Counter({0: 30})
222,255,"Counter({0: 30, 6: 1})"
223,257,"Counter({0: 30, 5: 1})"
224,280,Counter({0: 30})
225,234,"Counter({0: 30, 5: 1, 4: 1})"
226,280,Counter({0: 30})
227,280,Counter({0: 30})
228,255,"Counter({0: 30, 6: 1})"
229,280,Counter({0: 30})
230,255,"Counter({0: 30, 6: 1})"
231,280,Counter({0: 30})
232,280,Counter({0: 30})
233,280,Counter({0: 30})
234,280,Counter({0: 30})
235,280,Counter({0: 30})
236,280,Counter({0: 30})
237,280,Counter({0: 30})
238,280,Counter({0: 30})
239,257,"Counter({0: 30, 5: 1})"
240,277,"Counter({0: 30, 2: 1})"
241,280,Counter({0: 30})
242,280,Counter({0: 30})
243,280,Counter({0: 30})
244,280,Counter({0: 30})
245,277,"Counter({0: 30, 2: 1})"
246,280,Counter({0: 30})
247,232,"Counter({0: 30, 6: 1, 5: 1})"
248,257,"Counter({0: 30, 4: 1})"
249,234,"Counter({0: 30, 5: 2})"
250,280,Counter({0: 30})
251,280,Counter({0: 30})
252,280,Counter({0: 30})
253,280,Counter({0: 30})
254,257,"Counter({0: 30, 5: 1})"
255,280,Counter({0: 30})
256,257,"Counter({0: 30, 4: 1})"
257,257,"Counter({0: 30, 5: 1})"
258,280,Counter({0: 30})
259,280,Counter({0: 30})
260,280,Counter({0: 30})
261,275,"Counter({0: 30, 3: 1})"
262,277,"Counter({0: 30, 2: 1})"
263,280,Counter({0: 30})
264,280,Counter({0: 30})
265,232,"Counter({0: 30, 5: 1, 6: 1})"
266,257,"Counter({0: 30, 5: 1})"
267,280,Counter({0: 30})
268,280,Counter({0: 30})
269,280,Counter({0: 30})
270,254,"Counter({0: 30, 2: 1, 5: 1})"
271,280,Counter({0: 30})
272,280,Counter({0: 30})
273,280,Counter({0: 30})
274,280,Counter({0: 30})
275,280,Counter({0: 30})
276,280,Counter({0: 30})
277,234,"Counter({0: 30, 4: 2})"
278,277,"Counter({0: 30, 1: 1})"
279,280,Counter({0: 30})
280,209,"Counter({0: 30, 4: 1, 6: 1, 5: 1})"
281,280,Counter({0: 30})
282,280,Counter({0: 30})
283,280,Counter({0: 30})
284,209,"Counter({0: 30, 4: 1, 6: 1, 5: 1})"
285,252,"Counter({0: 30, 5: 1, 3: 1})"
286,280,Counter({0: 30})
287,280,Counter({0: 30})
288,280,Counter({0: 30})
289,275,"Counter({0: 30, 3: 1})"
290,280,Counter({0: 30})
291,275,"Counter({0: 30, 3: 1})"
292,277,"Counter({0: 30, 1: 1})"
293,280,Counter({0: 30})
294,280,Counter({0: 30})
295,252,"Counter({0: 30, 1: 1, 6: 1})"
296,280,Counter({0: 30})
297,280,Counter({0: 30})
298,280,Counter({0: 30})
299,255,"Counter({0: 30, 6: 1})"
300,280,Counter({0: 30})
301,280,Counter({0: 30})
302,255,"Counter({0: 30, 6: 1})"
303,280,Counter({0: 30})
304,280,Counter({0: 30})
305,280,Counter({0: 30})
306,280,Counter({0: 30})
307,257,"Counter({0: 30, 5: 1})"
308,280,Counter({0: 30})
309,255,"Counter({0: 30, 6: 1})"
310,255,"Counter({0: 30, 6: 1})"
311,280,Counter({0: 30})
312,257,"Counter({0: 30, 5: 1})"
313,280,Counter({0: 30})
314,280,Counter({0: 30})
315,280,Counter({0: 30})
316,280,Counter({0: 30})
317,280,Counter({0: 30})
318,280,Counter({0: 30})
319,277,"Counter({0: 30, 1: 1})"
320,280,Counter({0: 30})
321,257,"Counter({0: 30, 4: 1})"
322,274,"Counter({0: 30, 1: 1, 2: 1})"
323,280,Counter({0: 30})
324,280,Counter({0: 30})
325,280,Counter({0: 30})
326,280,Counter({0: 30})
327,280,Counter({0: 30})
328,280,Counter({0: 30})
329,280,Counter({0: 30})
330,232,"Counter({0: 30, 5: 1, 6: 1})"
331,280,Counter({0: 30})
332,280,Counter({0: 30})
333,280,Counter({0: 30})
334,280,Counter({0: 30})
335,280,Counter({0: 30})
336,205,"Counter({0: 30, 6: 3})"
337,277,"Counter({0: 30, 1: 1})"
338,280,Counter({0: 30})
339,277,"Counter({0: 30, 2: 1})"
340,280,Counter({0: 30})
341,280,Counter({0: 30})
342,255,"Counter({0: 30, 6: 1})"
343,280,Counter({0: 30})
344,280,Counter({0: 30})
345,280,Counter({0: 30})
346,280,Counter({0: 30})
347,280,Counter({0: 30})
348,280,Counter({0: 30})
349,257,"Counter({0: 30, 4: 1})"
350,280,Counter({0: 30})
351,280,Counter({0: 30})
352,280,Counter({0: 30})
353,255,"Counter({0: 30, 6: 1})"
354,280,Counter({0: 30})
355,280,Counter({0: 30})
356,280,Counter({0: 30})
357,255,"Counter({0: 30, 6: 1})"
358,280,Counter({0: 30})
359,255,"Counter({0: 30, 6: 1})"
360,280,Counter({0: 30})
361,280,Counter({0: 30})
362,280,Counter({0: 30})
363,280,Counter({0: 30})
364,280,Counter({0: 30})
365,280,Counter({0: 30})
366,280,Counter({0: 30})
367,280,Counter({0: 30})
368,280,Counter({0: 30})
369,280,Counter({0: 30})
370,280,Counter({0: 30})
371,274,"Counter({0: 30, 1: 1, 2: 1})"
372,280,Counter({0: 30})
373,280,Counter({0: 30})
374,280,Counter({0: 30})
375,280,Counter({0: 30})
376,280,Counter({0: 30})
377,280,Counter({0: 30})
378,280,Counter({0: 30})
379,280,Counter({0: 30})
380,280,Counter({0: 30})
381,280,Counter({0: 30})
382,280,Counter({0: 30})
383,275,"Counter({0: 30, 3: 1})"
384,280,Counter({0: 30})
385,280,Counter({0: 30})
386,280,Counter({0: 30})
387,280,Counter({0: 30})
388,277,"Counter({0: 30, 1: 1})"
389,280,Counter({0: 30})
390,280,Counter({0: 30})
391,280,Counter({0: 30})
392,280,Counter({0: 30})
393,280,Counter({0: 30})
394,280,Counter({0: 30})
395,280,Counter({0: 30})
396,254,"Counter({0: 30, 5: 1, 2: 1})"
397,280,Counter({0: 30})
398,207,"Counter({0: 30, 6: 2, 5: 1})"
399,280,Counter({0: 30})
400,280,Counter({0: 30})
401,257,"Counter({0: 30, 5: 1})"
402,280,Counter({0: 30})
403,255,"Counter({0: 30, 6: 1})"
404,255,"Counter({0: 30, 6: 1})"
405,277,"Counter({0: 30, 1: 1})"
406,280,Counter({0: 30})
407,255,"Counter({0: 30, 6: 1})"
408,280,Counter({0: 30})
409,277,"Counter({0: 30, 2: 1})"
410,277,"Counter({0: 30, 2: 1})"
411,280,Counter({0: 30})
412,255,"Counter({0: 30, 6: 1})"
413,280,Counter({0: 30})
414,257,"Counter({0: 30, 5: 1})"
415,232,"Counter({0: 30, 4: 1, 6: 1})"
416,280,Counter({0: 30})
417,255,"Counter({0: 30, 6: 1})"
418,280,Counter({0: 30})
419,243,"Counter({0: 30, 1: 2, 2: 2, 6: 1})"
420,255,"Counter({0: 30, 6: 1})"
421,280,Counter({0: 30})
422,280,Counter({0: 30})
423,280,Counter({0: 30})
424,280,Counter({0: 30})
425,280,Counter({0: 30})
426,252,"Counter({0: 30, 6: 1, 2: 1})"
427,280,Counter({0: 30})
428,280,Counter({0: 30})
429,280,Counter({0: 30})
430,280,Counter({0: 30})
431,280,Counter({0: 30})
432,280,Counter({0: 30})
433,280,Counter({0: 30})
434,280,Counter({0: 30})
435,280,Counter({0: 30})
436,280,Counter({0: 30})
437,280,Counter({0: 30})
438,280,Counter({0: 30})
439,232,"Counter({0: 30, 6: 1, 4: 1})"
440,280,Counter({0: 30})
441,232,"Counter({0: 30, 6: 1, 4: 1})"
442,280,Counter({0: 30})
443,280,Counter({0: 30})
444,280,Counter({0: 30})
445,280,Counter({0: 30})
446,280,Counter({0: 30})
447,280,Counter({0: 30})
448,232,"Counter({0: 30, 4: 1, 6: 1})"
449,280,Counter({0: 30})
450,280,Counter({0: 30})
451,280,Counter({0: 30})
452,280,Counter({0: 30})
453,255,"Counter({0: 30, 6: 1})"
454,232,"Counter({0: 30, 6: 1, 4: 1})"
455,280,Counter({0: 30})
456,280,Counter({0: 30})
457,280,Counter({0: 30})
458,280,Counter({0: 30})
459,255,"Counter({0: 30, 6: 1})"
460,255,"Counter({0: 30, 6: 1})"
461,227,"Counter({0: 30, 6: 2, 2: 1})"
462,255,"Counter({0: 30, 6: 1})"
463,280,Counter({0: 30})
464,280,Counter({0: 30})
465,257,"Counter({0: 30, 4: 1})"
466,280,Counter({0: 30})
467,280,Counter({0: 30})
468,280,Counter({0: 30})
469,254,"Counter({0: 30, 1: 1, 4: 1})"
470,280,Counter({0: 30})
471,274,"Counter({0: 30, 2: 1, 1: 1})"
472,230,"Counter({0: 30, 6: 2})"
473,280,Counter({0: 30})
474,232,"Counter({0: 30, 6: 1, 4: 1})"
475,277,"Counter({0: 30, 1: 1})"
476,280,Counter({0: 30})
477,280,Counter({0: 30})
478,280,Counter({0: 30})
479,280,Counter({0: 30})
480,280,Counter({0: 30})
481,280,Counter({0: 30})
482,280,Counter({0: 30})
483,280,Counter({0: 30})
484,280,Counter({0: 30})
485,277,"Counter({0: 30, 2: 1})"
486,280,Counter({0: 30})
487,257,"Counter({0: 30, 4: 1})"
488,280,Counter({0: 30})
489,280,Counter({0: 30})
490,280,Counter({0: 30})
491,280,Counter({0: 30})
492,280,Counter({0: 30})
493,280,Counter({0: 30})
494,280,Counter({0: 30})
495,280,Counter({0: 30})
496,280,Counter({0: 30})
497,280,Counter({0: 30})
498,230,"Counter({0: 30, 6: 2})"
499,280,Counter({0: 30})
500,255,"Counter({0: 30, 6: 1})"
